pairKey,scenario,directStatus,proxyStatus,directValid,proxyValid,bothAttempted,validityDifference,directLatencyMs,proxyLatencyMs,latencyDifferenceMs
"case1-r1","1","200","200","true","true","true","0","10957.034912109375","14429.05859375","3472.023681640625"
"case1-r2","1","200","200","true","true","true","0","10926.880126953125","10915.362060546875","-11.51806640625"
"case1-r3","1","200","200","true","true","true","0","12031.548828125","13008.048828125","976.5"
"case1-r4","1","200","200","true","true","true","0","11652.36083984375","11172.1767578125","-480.18408203125"
"case1-r5","1","200","200","true","true","true","0","11326.4580078125","12615.107666015625","1288.649658203125"
"case2-r1","2","200","200","true","true","true","0","11555.248779296875","11453.951416015625","-101.29736328125"
"case2-r2","2","200","200","true","true","true","0","11244.83935546875","11429.57177734375","184.732421875"
"case2-r3","2","200","200","true","true","true","0","11444.540771484375","18556.6455078125","7112.104736328125"
"case2-r4","2","200","200","true","true","true","0","11290.768798828125","11547.0751953125","256.306396484375"
"case2-r5","2","200","200","true","true","true","0","11284.359130859375","11266.5537109375","-17.805419921875"
"case3-r1","3","200","200","false","false","true","0","140731.34521484375","120304.1396484375","-20427.20556640625"
"case3-r2","3","200","200","false","false","true","0","116819.86352539062","116455.5478515625","-364.315673828125"
"case3-r3","3","200","200","false","false","true","0","116676.36059570312","118285.84155273438","1609.48095703125"
"case3-r4","3","200","200","false","false","true","0","117722.86010742188","116372.99365234375","-1349.866455078125"
"case3-r5","3","200","200","false","false","true","0","115513.99365234375","117125.0537109375","1611.06005859375"
"case4-r1","4","200","200","false","false","true","0","116996.78295898438","115959.736328125","-1037.046630859375"
"case4-r2","4","200","200","false","false","true","0","116463.6220703125","116073.79614257812","-389.825927734375"
"case4-r3","4","200","200","false","false","true","0","115773.64965820312","117148.25366210938","1374.60400390625"
"case4-r4","4","200","200","false","false","true","0","117071.501953125","117413.34545898438","341.843505859375"
"case4-r5","4","200","200","false","false","true","0","116727.09765625","116948.66162109375","221.56396484375"
"case5-r1","5","200","200","true","true","true","0","404246.9006347656","408732.25439453125","4485.353759765625"
"case5-r2","5","200","200","true","true","true","0","414864.4675292969","424720.4880371094","9856.0205078125"
"case5-r3","5","200","200","true","false","true","-1","404522.03564453125","600014.3039550781","195492.26831054688"
"case5-r4","5","200","200","true","true","true","0","415481.8835449219","411454.365234375","-4027.518310546875"
"case5-r5","5","200","200","true","true","true","0","411124.4641113281","412422.7341308594","1298.27001953125"
"case6-r1","6","","","false","false","true","0","301031.99658203125","301472.7373046875","440.74072265625"
"case6-r2","6","","","false","false","true","0","820362.7268066406","301449.7517089844","-518912.97509765625"
"case6-r3","6","","","false","false","true","0","301068.33935546875","",""
"case10-r1","10","200","200","true","true","true","0","11438","11658","220"
"case10-r2","10","200","200","true","true","true","0","11404","11720","316"
"case10-r3","10","200","200","true","true","true","0","11561","11680","119"
"case10-r4","10","200","200","true","true","true","0","11379","11644","265"
"case10-r5","10","200","200","true","true","true","0","11467","11567","100"
"case7-r1","7","200","200","true","true","true","0","5399","5244","-155"
"case7-r2","7","200","200","true","true","true","0","5236","5340","104"
"case7-r3","7","200","200","true","true","true","0","5390","5394","4"
"case7-r4","7","200","200","true","true","true","0","5310","5358","48"
"case7-r5","7","200","200","true","true","true","0","5266","5533","267"
"case8-r1","8","200","200","true","true","true","0","5310","5177","-133"
"case8-r2","8","200","200","true","true","true","0","5116","5354","238"
"case8-r3","8","200","200","true","true","true","0","5259","5357","98"
"case8-r4","8","200","200","true","true","true","0","5264","5383","119"
"case8-r5","8","200","200","true","true","true","0","5309","5378","69"
"case9-r1","9","200","200","true","true","true","0","11186","10941","-245"
"case9-r2","9","200","200","true","true","true","0","11157","10711","-446"
"case9-r3","9","200","200","true","true","true","0","11003","10870","-133"
"case9-r4","9","200","200","true","true","true","0","51137","51620","483"
"case9-r5","9","200","200","true","true","true","0","50894","51704","810"
