scope,issue,phase,run_id,attempt,status,responses,input,output,cache_read,cache_write,total_tokens,model_seconds,runner_seconds,url
issue,2,all,,,,16,51255,17427,296499,0,365181,1616.2,1655,https://github.com/YuriiSokolenko/social-mcp/issues/2
issue,3,all,,,,47,278147,27206,1278483,0,1583836,4512.9,6865,https://github.com/YuriiSokolenko/social-mcp/issues/3
issue,9,all,,,,11,28136,5871,178842,0,212849,749.0,772,https://github.com/YuriiSokolenko/social-mcp/issues/9
issue,10,all,,,,14,32423,59901,296631,0,388955,7281.5,7339,https://github.com/YuriiSokolenko/social-mcp/issues/10
issue,16,all,,,,195,162228,115603,23260936,0,23538767,22536.8,22728,https://github.com/YuriiSokolenko/social-mcp/issues/16
issue,17,all,,,,94,539084,38109,3613262,0,4190455,6225.2,9120,https://github.com/YuriiSokolenko/social-mcp/issues/17
issue,18,all,,,,238,207781,72161,12606845,0,12886787,9458.2,9751,https://github.com/YuriiSokolenko/social-mcp/issues/18
issue,20,all,,,,77,118824,26533,2372348,0,2517705,3442.1,3517,https://github.com/YuriiSokolenko/social-mcp/issues/20
issue,21,all,,,,12,33102,7740,281553,0,322395,787.3,808,https://github.com/YuriiSokolenko/social-mcp/issues/21
issue,22,all,,,,14,23010,6366,241121,0,270497,584.9,605,https://github.com/YuriiSokolenko/social-mcp/issues/22
issue,24,all,,,,17,37653,2814,523942,0,564409,339.7,359,https://github.com/YuriiSokolenko/social-mcp/issues/24
issue,25,all,,,,10,19537,2657,89273,0,111467,165.6,266,https://github.com/YuriiSokolenko/social-mcp/issues/25
issue,47,all,,,,20,48649,14955,369275,0,432879,834.5,980,https://github.com/YuriiSokolenko/social-mcp/issues/47
issue,78,all,,,,104,134222,68374,7183983,0,7386579,5098.3,5340,https://github.com/YuriiSokolenko/social-mcp/issues/78
issue,79,all,,,,30,71329,26350,1564623,0,1662302,5538.1,5617,https://github.com/YuriiSokolenko/social-mcp/issues/79
issue,92,all,,,,8,41976,1202,164060,0,207238,238.3,259,https://github.com/YuriiSokolenko/social-mcp/issues/92
issue,93,all,,,,200,230043,201811,19652803,0,20084657,37370.8,37804,https://github.com/YuriiSokolenko/social-mcp/issues/93
issue,95,all,,,,263,247322,247971,31439860,0,31935153,45465.4,46440,https://github.com/YuriiSokolenko/social-mcp/issues/95
issue,97,all,,,,59,84146,20721,1060991,0,1165858,1672.7,1855,https://github.com/YuriiSokolenko/social-mcp/issues/97
issue,115,all,,,,132,336335,116491,1860506,0,2313332,5862.4,7573,https://github.com/YuriiSokolenko/social-mcp/issues/115
issue,135,all,,,,6,11553,4998,55580,0,72131,241.9,353,https://github.com/YuriiSokolenko/social-mcp/issues/135
issue,137,all,,,,11,11566,6422,120711,0,138699,307.7,411,https://github.com/YuriiSokolenko/social-mcp/issues/137
issue,139,all,,,,6,11958,1825,57232,0,71015,154.7,267,https://github.com/YuriiSokolenko/social-mcp/issues/139
issue,142,all,,,,21,12992,17112,357614,0,387718,806.6,936,https://github.com/YuriiSokolenko/social-mcp/issues/142
issue,142,all,,,,12,13473,11744,157719,0,182936,553.3,634,https://github.com/YuriiSokolenko/social-mcp/issues/142
attempt,25,implementation,36039015936,1,cancelled,10,19537,2657,89273,0,111467,165.6,266,https://github.com/YuriiSokolenko/social-mcp/actions/runs/36039015936/attempts/1
attempt,10,implementation,36093253439,1,success,14,32423,59901,296631,0,388955,7281.5,7339,https://github.com/YuriiSokolenko/social-mcp/actions/runs/36093253439/attempts/1
attempt,18,implementation,36093256959,1,success,78,61865,30747,2878475,0,2971087,3027.9,3130,https://github.com/YuriiSokolenko/social-mcp/actions/runs/36093256959/attempts/1
attempt,18,review,36119289925,1,success,129,74728,25155,8290449,0,8390332,4579.4,4693,https://github.com/YuriiSokolenko/social-mcp/actions/runs/36119289925/attempts/1
attempt,16,architect,36126874864,1,success,28,58595,13150,1386987,0,1458732,2213.5,2235,https://github.com/YuriiSokolenko/social-mcp/actions/runs/36126874864/attempts/1
attempt,17,architect,36126876167,1,success,11,25892,4498,233580,0,263970,484.6,503,https://github.com/YuriiSokolenko/social-mcp/actions/runs/36126876167/attempts/1
attempt,20,architect,36126878334,1,failure,20,30544,6877,490965,0,528386,695.2,715,https://github.com/YuriiSokolenko/social-mcp/actions/runs/36126878334/attempts/1
attempt,21,architect,36126880218,1,success,12,33102,7740,281553,0,322395,787.3,808,https://github.com/YuriiSokolenko/social-mcp/actions/runs/36126880218/attempts/1
attempt,22,architect,36126881899,1,success,14,23010,6366,241121,0,270497,584.9,605,https://github.com/YuriiSokolenko/social-mcp/actions/runs/36126881899/attempts/1
attempt,18,review,36138327125,1,success,31,71188,16259,1437921,0,1525368,1850.9,1928,https://github.com/YuriiSokolenko/social-mcp/actions/runs/36138327125/attempts/1
attempt,24,architect,36158903378,1,success,17,37653,2814,523942,0,564409,339.7,359,https://github.com/YuriiSokolenko/social-mcp/actions/runs/36158903378/attempts/1
attempt,20,architect,36160509033,1,failure,23,54873,6241,893623,0,954737,891.5,919,https://github.com/YuriiSokolenko/social-mcp/actions/runs/36160509033/attempts/1
attempt,20,architect,36167247944,1,success,34,33407,13415,987760,0,1034582,1855.4,1883,https://github.com/YuriiSokolenko/social-mcp/actions/runs/36167247944/attempts/1
attempt,78,implementation,36188358891,1,success,82,75440,50504,6522208,0,6648152,3507.5,3619,https://github.com/YuriiSokolenko/social-mcp/actions/runs/36188358891/attempts/1
attempt,2,architect,36190818216,1,failure,9,22430,9379,159205,0,191014,882.9,902,https://github.com/YuriiSokolenko/social-mcp/actions/runs/36190818216/attempts/1
attempt,2,architect,36193816095,1,success,7,28825,8048,137294,0,174167,733.3,753,https://github.com/YuriiSokolenko/social-mcp/actions/runs/36193816095/attempts/1
attempt,9,architect,36197616403,1,success,11,28136,5871,178842,0,212849,749.0,772,https://github.com/YuriiSokolenko/social-mcp/actions/runs/36197616403/attempts/1
attempt,78,repair,36203471936,1,cancelled,4,14317,2756,38397,0,55470,263.6,325,https://github.com/YuriiSokolenko/social-mcp/actions/runs/36203471936/attempts/1
attempt,78,review,36204747705,1,success,18,44465,15114,623378,0,682957,1327.2,1396,https://github.com/YuriiSokolenko/social-mcp/actions/runs/36204747705/attempts/1
attempt,92,architect,36218590269,1,cancelled,8,41976,1202,164060,0,207238,238.3,259,https://github.com/YuriiSokolenko/social-mcp/actions/runs/36218590269/attempts/1
attempt,93,implementation,36218983464,1,cancelled,0,0,0,0,0,0,0.0,72,https://github.com/YuriiSokolenko/social-mcp/actions/runs/36218983464/attempts/1
attempt,95,implementation,36218989722,1,cancelled,0,0,0,0,0,0,0.0,62,https://github.com/YuriiSokolenko/social-mcp/actions/runs/36218989722/attempts/1
attempt,16,implementation,36220720882,1,success,167,103633,102453,21873949,0,22080035,20323.3,20493,https://github.com/YuriiSokolenko/social-mcp/actions/runs/36220720882/attempts/1
attempt,93,implementation,36220725143,1,failure,70,62195,65685,5954119,0,6081999,12143.6,12229,https://github.com/YuriiSokolenko/social-mcp/actions/runs/36220725143/attempts/1
attempt,95,implementation,36220729053,1,failure,119,85348,108577,15000874,0,15194799,21296.3,21402,https://github.com/YuriiSokolenko/social-mcp/actions/runs/36220729053/attempts/1
attempt,79,review,36228088586,1,success,30,71329,26350,1564623,0,1662302,5538.1,5617,https://github.com/YuriiSokolenko/social-mcp/actions/runs/36228088586/attempts/1
attempt,93,implementation,36231338483,1,cancelled,34,76938,39613,2376087,0,2492638,8562.3,8741,https://github.com/YuriiSokolenko/social-mcp/actions/runs/36231338483/attempts/1
attempt,93,implementation,36241902097,1,failure,96,90910,96513,11322597,0,11510020,16664.9,16762,https://github.com/YuriiSokolenko/social-mcp/actions/runs/36241902097/attempts/1
attempt,95,implementation,36241922571,1,failure,130,113970,131378,16087481,0,16332829,22770.8,23514,https://github.com/YuriiSokolenko/social-mcp/actions/runs/36241922571/attempts/1
attempt,0,triage,36269261887,1,success,3,10779,1834,20365,0,32978,331.1,349,https://github.com/YuriiSokolenko/social-mcp/actions/runs/36269261887/attempts/1
attempt,0,dispatcher,36296584957,1,success,0,0,0,0,0,0,0.0,17,https://github.com/YuriiSokolenko/social-mcp/actions/runs/36296584957/attempts/1
attempt,0,dispatcher,36301353548,1,success,0,0,0,0,0,0,0.0,17,https://github.com/YuriiSokolenko/social-mcp/actions/runs/36301353548/attempts/1
attempt,0,dispatcher,36302038272,1,success,6,11699,562,48780,0,61041,75.7,117,https://github.com/YuriiSokolenko/social-mcp/actions/runs/36302038272/attempts/1
attempt,0,dispatcher,36303412904,1,success,5,3317,823,48288,0,52428,46.6,87,https://github.com/YuriiSokolenko/social-mcp/actions/runs/36303412904/attempts/1
attempt,0,dispatcher,36307505374,1,failure,0,0,0,0,0,0,0.0,18,https://github.com/YuriiSokolenko/social-mcp/actions/runs/36307505374/attempts/1
attempt,0,dispatcher,36307797679,1,success,3,2104,593,25639,0,28336,33.8,74,https://github.com/YuriiSokolenko/social-mcp/actions/runs/36307797679/attempts/1
attempt,0,dispatcher,36311725190,1,success,3,1911,642,25762,0,28315,34.0,74,https://github.com/YuriiSokolenko/social-mcp/actions/runs/36311725190/attempts/1
attempt,0,dispatcher,36313279703,1,success,3,1911,553,25679,0,28143,35.8,76,https://github.com/YuriiSokolenko/social-mcp/actions/runs/36313279703/attempts/1
attempt,0,dispatcher,36315160752,1,success,0,0,0,0,0,0,0.0,17,https://github.com/YuriiSokolenko/social-mcp/actions/runs/36315160752/attempts/1
attempt,0,dispatcher,36315707947,1,success,0,0,0,0,0,0,0.0,18,https://github.com/YuriiSokolenko/social-mcp/actions/runs/36315707947/attempts/1
attempt,0,triage,36315707958,1,success,4,14372,7007,42983,0,64362,581.0,606,https://github.com/YuriiSokolenko/social-mcp/actions/runs/36315707958/attempts/1
attempt,0,dispatcher,36315748560,1,success,3,1911,575,25693,0,28179,49.1,89,https://github.com/YuriiSokolenko/social-mcp/actions/runs/36315748560/attempts/1
attempt,0,dispatcher,36318940834,1,success,3,2484,3273,28918,0,34675,147.7,209,https://github.com/YuriiSokolenko/social-mcp/actions/runs/36318940834/attempts/1
attempt,0,dispatcher,36329000085,1,success,3,9998,412,18396,0,28806,56.3,99,https://github.com/YuriiSokolenko/social-mcp/actions/runs/36329000085/attempts/1
attempt,0,dispatcher,36329563688,1,success,3,2093,592,26443,0,29128,31.1,73,https://github.com/YuriiSokolenko/social-mcp/actions/runs/36329563688/attempts/1
attempt,0,dispatcher,36331819255,1,success,3,2145,538,26482,0,29165,33.4,75,https://github.com/YuriiSokolenko/social-mcp/actions/runs/36331819255/attempts/1
attempt,0,dispatcher,36333624713,1,success,4,2149,392,34992,0,37533,25.0,66,https://github.com/YuriiSokolenko/social-mcp/actions/runs/36333624713/attempts/1
attempt,0,dispatcher,36337368186,1,success,0,0,0,0,0,0,0.0,11,https://github.com/YuriiSokolenko/social-mcp/actions/runs/36337368186/attempts/1
attempt,0,dispatcher,36337836883,1,success,3,9368,764,18179,0,28311,99.1,122,https://github.com/YuriiSokolenko/social-mcp/actions/runs/36337836883/attempts/1
attempt,0,triage,36337836904,1,failure,4,17414,4243,35000,0,56657,337.0,359,https://github.com/YuriiSokolenko/social-mcp/actions/runs/36337836904/attempts/1
attempt,0,triage,36337845410,1,failure,3,9399,4222,33654,0,47275,288.1,309,https://github.com/YuriiSokolenko/social-mcp/actions/runs/36337845410/attempts/1
attempt,0,dispatcher,36337940455,1,success,0,0,0,0,0,0,0.0,10,https://github.com/YuriiSokolenko/social-mcp/actions/runs/36337940455/attempts/1
attempt,0,dispatcher,36339006614,1,success,0,0,0,0,0,0,0.0,11,https://github.com/YuriiSokolenko/social-mcp/actions/runs/36339006614/attempts/1
attempt,97,implementation,36339812205,1,success,19,25970,5592,303852,0,335414,354.8,417,https://github.com/YuriiSokolenko/social-mcp/actions/runs/36339812205/attempts/1
attempt,97,implementation,36343148465,1,success,21,27716,9491,379615,0,416822,503.8,565,https://github.com/YuriiSokolenko/social-mcp/actions/runs/36343148465/attempts/1
attempt,0,triage,36344616171,1,failure,3,9665,4224,33924,0,47813,343.8,365,https://github.com/YuriiSokolenko/social-mcp/actions/runs/36344616171/attempts/1
attempt,0,triage,36346003272,1,success,5,12450,2351,47766,0,62567,129.5,160,https://github.com/YuriiSokolenko/social-mcp/actions/runs/36346003272/attempts/1
attempt,47,implementation,36346190044,1,failure,7,20662,6861,104543,0,132066,403.1,473,https://github.com/YuriiSokolenko/social-mcp/actions/runs/36346190044/attempts/1
attempt,0,triage,36346472476,1,success,3,3935,1855,28201,0,33991,137.1,157,https://github.com/YuriiSokolenko/social-mcp/actions/runs/36346472476/attempts/1
attempt,47,implementation,36348073875,1,success,13,27987,8094,264732,0,300813,431.4,507,https://github.com/YuriiSokolenko/social-mcp/actions/runs/36348073875/attempts/1
attempt,0,triage,36349948211,1,success,3,3935,1982,28207,0,34124,172.0,192,https://github.com/YuriiSokolenko/social-mcp/actions/runs/36349948211/attempts/1
attempt,0,dispatcher,36351060343,1,success,3,9615,1314,18903,0,29832,76.2,103,https://github.com/YuriiSokolenko/social-mcp/actions/runs/36351060343/attempts/1
attempt,0,dispatcher,36351353763,1,success,3,1865,975,26588,0,29428,138.7,165,https://github.com/YuriiSokolenko/social-mcp/actions/runs/36351353763/attempts/1
attempt,0,triage,36351353769,1,success,3,4010,1075,25116,0,30201,148.3,169,https://github.com/YuriiSokolenko/social-mcp/actions/runs/36351353769/attempts/1
attempt,0,triage,36351382784,1,cancelled,4,127,524,33189,0,33840,69.0,107,https://github.com/YuriiSokolenko/social-mcp/actions/runs/36351382784/attempts/1
attempt,0,dispatcher,36351871992,1,success,3,1683,966,26389,0,29038,164.5,184,https://github.com/YuriiSokolenko/social-mcp/actions/runs/36351871992/attempts/1
attempt,0,dispatcher,36352837276,1,success,0,0,0,0,0,0,0.0,10,https://github.com/YuriiSokolenko/social-mcp/actions/runs/36352837276/attempts/1
attempt,97,implementation,36353910062,1,success,19,30460,5638,377524,0,413622,814.1,873,https://github.com/YuriiSokolenko/social-mcp/actions/runs/36353910062/attempts/1
attempt,95,implementation,36354188499,1,success,14,48004,8016,351505,0,407525,1398.3,1462,https://github.com/YuriiSokolenko/social-mcp/actions/runs/36354188499/attempts/1
attempt,0,dispatcher,36354354897,1,success,7,16456,2134,78454,0,97044,384.8,413,https://github.com/YuriiSokolenko/social-mcp/actions/runs/36354354897/attempts/1
attempt,0,dispatcher,36354357107,1,success,0,0,0,0,0,0,0.0,11,https://github.com/YuriiSokolenko/social-mcp/actions/runs/36354357107/attempts/1
attempt,3,implementation,36357114988,1,success,47,278147,27206,1278483,0,1583836,4512.9,6865,https://github.com/YuriiSokolenko/social-mcp/actions/runs/36357114988/attempts/1
attempt,17,implementation,36357130467,1,success,83,513192,33611,3379682,0,3926485,5740.6,8617,https://github.com/YuriiSokolenko/social-mcp/actions/runs/36357130467/attempts/1
attempt,0,dispatcher,36381947236,1,failure,5,16162,1958,48622,0,66742,119.9,140,https://github.com/YuriiSokolenko/social-mcp/actions/runs/36381947236/attempts/1
attempt,0,dispatcher,36382039707,1,success,7,9791,5381,91484,0,106656,263.4,306,https://github.com/YuriiSokolenko/social-mcp/actions/runs/36382039707/attempts/1
attempt,0,dispatcher,36382728616,1,success,0,0,0,0,0,0,0.0,11,https://github.com/YuriiSokolenko/social-mcp/actions/runs/36382728616/attempts/1
attempt,0,triage,36382728709,1,failure,3,12444,2195,20838,0,35477,453.7,473,https://github.com/YuriiSokolenko/social-mcp/actions/runs/36382728709/attempts/1
attempt,115,implementation,36403686702,1,failure,11,11480,6468,102051,0,119999,318.8,369,https://github.com/YuriiSokolenko/social-mcp/actions/runs/36403686702/attempts/1
attempt,115,implementation,36407400037,1,failure,0,0,0,0,0,0,0.0,55,https://github.com/YuriiSokolenko/social-mcp/actions/runs/36407400037/attempts/1
attempt,115,implementation,36409081346,1,failure,0,0,0,0,0,0,0.0,57,https://github.com/YuriiSokolenko/social-mcp/actions/runs/36409081346/attempts/1
attempt,115,implementation,36410166358,1,success,8,29734,3677,97094,0,130505,226.6,595,https://github.com/YuriiSokolenko/social-mcp/actions/runs/36410166358/attempts/1
attempt,115,implementation,36412939739,1,failure,14,39405,12369,200369,0,252143,631.8,696,https://github.com/YuriiSokolenko/social-mcp/actions/runs/36412939739/attempts/1
attempt,115,implementation,36416054054,1,success,9,42775,20458,195259,0,258492,986.9,1063,https://github.com/YuriiSokolenko/social-mcp/actions/runs/36416054054/attempts/1
attempt,115,implementation,36419816651,1,success,11,36796,6343,149544,0,192683,356.8,642,https://github.com/YuriiSokolenko/social-mcp/actions/runs/36419816651/attempts/1
attempt,115,implementation,36428901511,1,failure,6,30108,7472,46233,0,83813,391.4,450,https://github.com/YuriiSokolenko/social-mcp/actions/runs/36428901511/attempts/1
attempt,115,implementation,36433498035,1,cancelled,7,10642,3894,70066,0,84602,191.1,326,https://github.com/YuriiSokolenko/social-mcp/actions/runs/36433498035/attempts/1
attempt,115,implementation,36434791867,1,failure,13,37068,13004,184733,0,234805,651.1,717,https://github.com/YuriiSokolenko/social-mcp/actions/runs/36434791867/attempts/1
attempt,115,implementation,36444575226,1,failure,14,11081,13392,185007,0,209480,619.8,721,https://github.com/YuriiSokolenko/social-mcp/actions/runs/36444575226/attempts/1
attempt,115,implementation,36449651147,1,success,11,37225,8951,209661,0,255837,470.3,604,https://github.com/YuriiSokolenko/social-mcp/actions/runs/36449651147/attempts/1
attempt,115,implementation,36451834049,1,cancelled,10,10911,3844,105616,0,120371,194.6,325,https://github.com/YuriiSokolenko/social-mcp/actions/runs/36451834049/attempts/1
attempt,115,implementation,36457210839,1,success,18,39110,16619,314873,0,370602,823.2,953,https://github.com/YuriiSokolenko/social-mcp/actions/runs/36457210839/attempts/1
attempt,135,implementation,36461212429,1,failure,6,11553,4998,55580,0,72131,241.9,353,https://github.com/YuriiSokolenko/social-mcp/actions/runs/36461212429/attempts/1
attempt,0,dispatcher,36463006793,1,success,0,0,0,0,0,0,0.0,14,https://github.com/YuriiSokolenko/social-mcp/actions/runs/36463006793/attempts/1
attempt,137,implementation,36466008160,1,success,11,11566,6422,120711,0,138699,307.7,411,https://github.com/YuriiSokolenko/social-mcp/actions/runs/36466008160/attempts/1
attempt,0,triage,36468219771,1,failure,5,13069,2159,37673,0,52901,126.3,148,https://github.com/YuriiSokolenko/social-mcp/actions/runs/36468219771/attempts/1
attempt,0,dispatcher,36468219816,1,success,0,0,0,0,0,0,0.0,12,https://github.com/YuriiSokolenko/social-mcp/actions/runs/36468219816/attempts/1
attempt,0,triage,36468234653,1,failure,3,5048,2099,28549,0,35696,170.1,192,https://github.com/YuriiSokolenko/social-mcp/actions/runs/36468234653/attempts/1
attempt,0,dispatcher,36468234705,1,success,0,0,0,0,0,0,0.0,12,https://github.com/YuriiSokolenko/social-mcp/actions/runs/36468234705/attempts/1
attempt,139,implementation,36468466648,1,success,6,11958,1825,57232,0,71015,154.7,267,https://github.com/YuriiSokolenko/social-mcp/actions/runs/36468466648/attempts/1
attempt,0,triage,36470945986,1,success,4,5101,2286,42469,0,49856,156.9,198,https://github.com/YuriiSokolenko/social-mcp/actions/runs/36470945986/attempts/1
attempt,0,dispatcher,36470946114,1,success,0,0,0,0,0,0,0.0,28,https://github.com/YuriiSokolenko/social-mcp/actions/runs/36470946114/attempts/1
attempt,0,triage,36470985418,1,success,4,4070,2351,40401,0,46822,176.0,198,https://github.com/YuriiSokolenko/social-mcp/actions/runs/36470985418/attempts/1
attempt,0,dispatcher,36471028705,1,success,3,11946,813,16931,0,29690,78.5,103,https://github.com/YuriiSokolenko/social-mcp/actions/runs/36471028705/attempts/1
attempt,0,triage,36473528312,1,success,3,4174,1451,28707,0,34332,145.1,182,https://github.com/YuriiSokolenko/social-mcp/actions/runs/36473528312/attempts/1
attempt,0,dispatcher,36473528327,1,failure,10,54906,8401,133570,0,196877,537.4,624,https://github.com/YuriiSokolenko/social-mcp/actions/runs/36473528327/attempts/1
attempt,142,implementation,36476080618,1,failure,21,12992,17112,357614,0,387718,806.6,936,https://github.com/YuriiSokolenko/social-mcp/actions/runs/36476080618/attempts/1
attempt,142,implementation,36482775820,1,failure,12,13473,11744,157719,0,182936,553.3,634,https://github.com/YuriiSokolenko/social-mcp/actions/runs/36482775820/attempts/1
